id,kode_provinsi,nama_provinsi,kode_kabupaten_kota,nama_kabupaten_kota,jenis_cagar_budaya,jumlah_cagar_budaya,satuan,tahun
811,32,JAWA BARAT,3201,KABUPATEN BOGOR,BENDA CAGAR BUDAYA,54,UNIT,2024
812,32,JAWA BARAT,3201,KABUPATEN BOGOR,BANGUNAN CAGAR BUDAYA,16,UNIT,2024
813,32,JAWA BARAT,3201,KABUPATEN BOGOR,STRUKTUR CAGAR BUDAYA,8,UNIT,2024
814,32,JAWA BARAT,3201,KABUPATEN BOGOR,SITUS CAGAR BUDAYA,68,UNIT,2024
815,32,JAWA BARAT,3201,KABUPATEN BOGOR,KAWASAN CAGAR BUDAYA,3,UNIT,2024
816,32,JAWA BARAT,3202,KABUPATEN SUKABUMI,BENDA CAGAR BUDAYA,58,UNIT,2024
817,32,JAWA BARAT,3202,KABUPATEN SUKABUMI,BANGUNAN CAGAR BUDAYA,36,UNIT,2024
818,32,JAWA BARAT,3202,KABUPATEN SUKABUMI,STRUKTUR CAGAR BUDAYA,33,UNIT,2024
819,32,JAWA BARAT,3202,KABUPATEN SUKABUMI,SITUS CAGAR BUDAYA,35,UNIT,2024
820,32,JAWA BARAT,3202,KABUPATEN SUKABUMI,KAWASAN CAGAR BUDAYA,4,UNIT,2024
821,32,JAWA BARAT,3203,KABUPATEN CIANJUR,BENDA CAGAR BUDAYA,23,UNIT,2024
822,32,JAWA BARAT,3203,KABUPATEN CIANJUR,BANGUNAN CAGAR BUDAYA,13,UNIT,2024
823,32,JAWA BARAT,3203,KABUPATEN CIANJUR,STRUKTUR CAGAR BUDAYA,2,UNIT,2024
824,32,JAWA BARAT,3203,KABUPATEN CIANJUR,SITUS CAGAR BUDAYA,92,UNIT,2024
825,32,JAWA BARAT,3203,KABUPATEN CIANJUR,KAWASAN CAGAR BUDAYA,1,UNIT,2024
826,32,JAWA BARAT,3204,KABUPATEN BANDUNG,BENDA CAGAR BUDAYA,4,UNIT,2024
827,32,JAWA BARAT,3204,KABUPATEN BANDUNG,BANGUNAN CAGAR BUDAYA,27,UNIT,2024
828,32,JAWA BARAT,3204,KABUPATEN BANDUNG,STRUKTUR CAGAR BUDAYA,14,UNIT,2024
829,32,JAWA BARAT,3204,KABUPATEN BANDUNG,SITUS CAGAR BUDAYA,9,UNIT,2024
830,32,JAWA BARAT,3204,KABUPATEN BANDUNG,KAWASAN CAGAR BUDAYA,2,UNIT,2024
831,32,JAWA BARAT,3205,KABUPATEN GARUT,BENDA CAGAR BUDAYA,0,UNIT,2024
832,32,JAWA BARAT,3205,KABUPATEN GARUT,BANGUNAN CAGAR BUDAYA,0,UNIT,2024
833,32,JAWA BARAT,3205,KABUPATEN GARUT,STRUKTUR CAGAR BUDAYA,26,UNIT,2024
834,32,JAWA BARAT,3205,KABUPATEN GARUT,SITUS CAGAR BUDAYA,10,UNIT,2024
835,32,JAWA BARAT,3205,KABUPATEN GARUT,KAWASAN CAGAR BUDAYA,1,UNIT,2024
836,32,JAWA BARAT,3206,KABUPATEN TASIKMALAYA,BENDA CAGAR BUDAYA,116,UNIT,2024
837,32,JAWA BARAT,3206,KABUPATEN TASIKMALAYA,BANGUNAN CAGAR BUDAYA,5,UNIT,2024
838,32,JAWA BARAT,3206,KABUPATEN TASIKMALAYA,STRUKTUR CAGAR BUDAYA,1,UNIT,2024
839,32,JAWA BARAT,3206,KABUPATEN TASIKMALAYA,SITUS CAGAR BUDAYA,34,UNIT,2024
840,32,JAWA BARAT,3206,KABUPATEN TASIKMALAYA,KAWASAN CAGAR BUDAYA,3,UNIT,2024
841,32,JAWA BARAT,3207,KABUPATEN CIAMIS,BENDA CAGAR BUDAYA,613,UNIT,2024
842,32,JAWA BARAT,3207,KABUPATEN CIAMIS,BANGUNAN CAGAR BUDAYA,19,UNIT,2024
843,32,JAWA BARAT,3207,KABUPATEN CIAMIS,STRUKTUR CAGAR BUDAYA,5,UNIT,2024
844,32,JAWA BARAT,3207,KABUPATEN CIAMIS,SITUS CAGAR BUDAYA,113,UNIT,2024
845,32,JAWA BARAT,3207,KABUPATEN CIAMIS,KAWASAN CAGAR BUDAYA,105,UNIT,2024
846,32,JAWA BARAT,3208,KABUPATEN KUNINGAN,BENDA CAGAR BUDAYA,11,UNIT,2024
847,32,JAWA BARAT,3208,KABUPATEN KUNINGAN,BANGUNAN CAGAR BUDAYA,9,UNIT,2024
848,32,JAWA BARAT,3208,KABUPATEN KUNINGAN,STRUKTUR CAGAR BUDAYA,1,UNIT,2024
849,32,JAWA BARAT,3208,KABUPATEN KUNINGAN,SITUS CAGAR BUDAYA,12,UNIT,2024
850,32,JAWA BARAT,3208,KABUPATEN KUNINGAN,KAWASAN CAGAR BUDAYA,6,UNIT,2024
851,32,JAWA BARAT,3209,KABUPATEN CIREBON,BENDA CAGAR BUDAYA,92,UNIT,2024
852,32,JAWA BARAT,3209,KABUPATEN CIREBON,BANGUNAN CAGAR BUDAYA,27,UNIT,2024
853,32,JAWA BARAT,3209,KABUPATEN CIREBON,STRUKTUR CAGAR BUDAYA,11,UNIT,2024
854,32,JAWA BARAT,3209,KABUPATEN CIREBON,SITUS CAGAR BUDAYA,259,UNIT,2024
855,32,JAWA BARAT,3209,KABUPATEN CIREBON,KAWASAN CAGAR BUDAYA,2,UNIT,2024
856,32,JAWA BARAT,3210,KABUPATEN MAJALENGKA,BENDA CAGAR BUDAYA,16,UNIT,2024
857,32,JAWA BARAT,3210,KABUPATEN MAJALENGKA,BANGUNAN CAGAR BUDAYA,70,UNIT,2024
858,32,JAWA BARAT,3210,KABUPATEN MAJALENGKA,STRUKTUR CAGAR BUDAYA,13,UNIT,2024
859,32,JAWA BARAT,3210,KABUPATEN MAJALENGKA,SITUS CAGAR BUDAYA,13,UNIT,2024
860,32,JAWA BARAT,3210,KABUPATEN MAJALENGKA,KAWASAN CAGAR BUDAYA,0,UNIT,2024
861,32,JAWA BARAT,3211,KABUPATEN SUMEDANG,BENDA CAGAR BUDAYA,4,UNIT,2024
862,32,JAWA BARAT,3211,KABUPATEN SUMEDANG,BANGUNAN CAGAR BUDAYA,8,UNIT,2024
863,32,JAWA BARAT,3211,KABUPATEN SUMEDANG,STRUKTUR CAGAR BUDAYA,8,UNIT,2024
864,32,JAWA BARAT,3211,KABUPATEN SUMEDANG,SITUS CAGAR BUDAYA,19,UNIT,2024
865,32,JAWA BARAT,3211,KABUPATEN SUMEDANG,KAWASAN CAGAR BUDAYA,0,UNIT,2024
866,32,JAWA BARAT,3212,KABUPATEN INDRAMAYU,BENDA CAGAR BUDAYA,20,UNIT,2024
867,32,JAWA BARAT,3212,KABUPATEN INDRAMAYU,BANGUNAN CAGAR BUDAYA,30,UNIT,2024
868,32,JAWA BARAT,3212,KABUPATEN INDRAMAYU,STRUKTUR CAGAR BUDAYA,13,UNIT,2024
869,32,JAWA BARAT,3212,KABUPATEN INDRAMAYU,SITUS CAGAR BUDAYA,221,UNIT,2024
870,32,JAWA BARAT,3212,KABUPATEN INDRAMAYU,KAWASAN CAGAR BUDAYA,2,UNIT,2024
871,32,JAWA BARAT,3213,KABUPATEN SUBANG,BENDA CAGAR BUDAYA,210,UNIT,2024
872,32,JAWA BARAT,3213,KABUPATEN SUBANG,BANGUNAN CAGAR BUDAYA,138,UNIT,2024
873,32,JAWA BARAT,3213,KABUPATEN SUBANG,STRUKTUR CAGAR BUDAYA,10,UNIT,2024
874,32,JAWA BARAT,3213,KABUPATEN SUBANG,SITUS CAGAR BUDAYA,42,UNIT,2024
875,32,JAWA BARAT,3213,KABUPATEN SUBANG,KAWASAN CAGAR BUDAYA,8,UNIT,2024
876,32,JAWA BARAT,3214,KABUPATEN PURWAKARTA,BENDA CAGAR BUDAYA,5,UNIT,2024
877,32,JAWA BARAT,3214,KABUPATEN PURWAKARTA,BANGUNAN CAGAR BUDAYA,43,UNIT,2024
878,32,JAWA BARAT,3214,KABUPATEN PURWAKARTA,STRUKTUR CAGAR BUDAYA,12,UNIT,2024
879,32,JAWA BARAT,3214,KABUPATEN PURWAKARTA,SITUS CAGAR BUDAYA,115,UNIT,2024
880,32,JAWA BARAT,3214,KABUPATEN PURWAKARTA,KAWASAN CAGAR BUDAYA,3,UNIT,2024
881,32,JAWA BARAT,3215,KABUPATEN KARAWANG,BENDA CAGAR BUDAYA,648,UNIT,2024
882,32,JAWA BARAT,3215,KABUPATEN KARAWANG,BANGUNAN CAGAR BUDAYA,13,UNIT,2024
883,32,JAWA BARAT,3215,KABUPATEN KARAWANG,STRUKTUR CAGAR BUDAYA,5,UNIT,2024
884,32,JAWA BARAT,3215,KABUPATEN KARAWANG,SITUS CAGAR BUDAYA,40,UNIT,2024
885,32,JAWA BARAT,3215,KABUPATEN KARAWANG,KAWASAN CAGAR BUDAYA,1,UNIT,2024
886,32,JAWA BARAT,3216,KABUPATEN BEKASI,BENDA CAGAR BUDAYA,1,UNIT,2024
887,32,JAWA BARAT,3216,KABUPATEN BEKASI,BANGUNAN CAGAR BUDAYA,24,UNIT,2024
888,32,JAWA BARAT,3216,KABUPATEN BEKASI,STRUKTUR CAGAR BUDAYA,8,UNIT,2024
889,32,JAWA BARAT,3216,KABUPATEN BEKASI,SITUS CAGAR BUDAYA,1,UNIT,2024
890,32,JAWA BARAT,3216,KABUPATEN BEKASI,KAWASAN CAGAR BUDAYA,0,UNIT,2024
891,32,JAWA BARAT,3217,KABUPATEN BANDUNG BARAT,BENDA CAGAR BUDAYA,0,UNIT,2024
892,32,JAWA BARAT,3217,KABUPATEN BANDUNG BARAT,BANGUNAN CAGAR BUDAYA,3,UNIT,2024
893,32,JAWA BARAT,3217,KABUPATEN BANDUNG BARAT,STRUKTUR CAGAR BUDAYA,0,UNIT,2024
894,32,JAWA BARAT,3217,KABUPATEN BANDUNG BARAT,SITUS CAGAR BUDAYA,1,UNIT,2024
895,32,JAWA BARAT,3217,KABUPATEN BANDUNG BARAT,KAWASAN CAGAR BUDAYA,0,UNIT,2024
896,32,JAWA BARAT,3218,KABUPATEN PANGANDARAN,BENDA CAGAR BUDAYA,6,UNIT,2024
897,32,JAWA BARAT,3218,KABUPATEN PANGANDARAN,BANGUNAN CAGAR BUDAYA,5,UNIT,2024
898,32,JAWA BARAT,3218,KABUPATEN PANGANDARAN,STRUKTUR CAGAR BUDAYA,147,UNIT,2024
899,32,JAWA BARAT,3218,KABUPATEN PANGANDARAN,SITUS CAGAR BUDAYA,9,UNIT,2024
900,32,JAWA BARAT,3218,KABUPATEN PANGANDARAN,KAWASAN CAGAR BUDAYA,0,UNIT,2024
901,32,JAWA BARAT,3271,KOTA BOGOR,BENDA CAGAR BUDAYA,0,UNIT,2024
902,32,JAWA BARAT,3271,KOTA BOGOR,BANGUNAN CAGAR BUDAYA,443,UNIT,2024
903,32,JAWA BARAT,3271,KOTA BOGOR,STRUKTUR CAGAR BUDAYA,10,UNIT,2024
904,32,JAWA BARAT,3271,KOTA BOGOR,SITUS CAGAR BUDAYA,28,UNIT,2024
905,32,JAWA BARAT,3271,KOTA BOGOR,KAWASAN CAGAR BUDAYA,1,UNIT,2024
906,32,JAWA BARAT,3272,KOTA SUKABUMI,BENDA CAGAR BUDAYA,41,UNIT,2024
907,32,JAWA BARAT,3272,KOTA SUKABUMI,BANGUNAN CAGAR BUDAYA,19,UNIT,2024
908,32,JAWA BARAT,3272,KOTA SUKABUMI,STRUKTUR CAGAR BUDAYA,0,UNIT,2024
909,32,JAWA BARAT,3272,KOTA SUKABUMI,SITUS CAGAR BUDAYA,19,UNIT,2024
910,32,JAWA BARAT,3272,KOTA SUKABUMI,KAWASAN CAGAR BUDAYA,1,UNIT,2024
911,32,JAWA BARAT,3273,KOTA BANDUNG,BENDA CAGAR BUDAYA,0,UNIT,2024
912,32,JAWA BARAT,3273,KOTA BANDUNG,BANGUNAN CAGAR BUDAYA,1770,UNIT,2024
913,32,JAWA BARAT,3273,KOTA BANDUNG,STRUKTUR CAGAR BUDAYA,26,UNIT,2024
914,32,JAWA BARAT,3273,KOTA BANDUNG,SITUS CAGAR BUDAYA,70,UNIT,2024
915,32,JAWA BARAT,3273,KOTA BANDUNG,KAWASAN CAGAR BUDAYA,24,UNIT,2024
916,32,JAWA BARAT,3274,KOTA CIREBON,BENDA CAGAR BUDAYA,1,UNIT,2024
917,32,JAWA BARAT,3274,KOTA CIREBON,BANGUNAN CAGAR BUDAYA,48,UNIT,2024
918,32,JAWA BARAT,3274,KOTA CIREBON,STRUKTUR CAGAR BUDAYA,3,UNIT,2024
919,32,JAWA BARAT,3274,KOTA CIREBON,SITUS CAGAR BUDAYA,7,UNIT,2024
920,32,JAWA BARAT,3274,KOTA CIREBON,KAWASAN CAGAR BUDAYA,6,UNIT,2024
921,32,JAWA BARAT,3275,KOTA BEKASI,BENDA CAGAR BUDAYA,3,UNIT,2024
922,32,JAWA BARAT,3275,KOTA BEKASI,BANGUNAN CAGAR BUDAYA,45,UNIT,2024
923,32,JAWA BARAT,3275,KOTA BEKASI,STRUKTUR CAGAR BUDAYA,1,UNIT,2024
924,32,JAWA BARAT,3275,KOTA BEKASI,SITUS CAGAR BUDAYA,20,UNIT,2024
925,32,JAWA BARAT,3275,KOTA BEKASI,KAWASAN CAGAR BUDAYA,0,UNIT,2024
926,32,JAWA BARAT,3276,KOTA DEPOK,BENDA CAGAR BUDAYA,1,UNIT,2024
927,32,JAWA BARAT,3276,KOTA DEPOK,BANGUNAN CAGAR BUDAYA,15,UNIT,2024
928,32,JAWA BARAT,3276,KOTA DEPOK,STRUKTUR CAGAR BUDAYA,0,UNIT,2024
929,32,JAWA BARAT,3276,KOTA DEPOK,SITUS CAGAR BUDAYA,8,UNIT,2024
930,32,JAWA BARAT,3276,KOTA DEPOK,KAWASAN CAGAR BUDAYA,1,UNIT,2024
931,32,JAWA BARAT,3277,KOTA CIMAHI,BENDA CAGAR BUDAYA,7,UNIT,2024
932,32,JAWA BARAT,3277,KOTA CIMAHI,BANGUNAN CAGAR BUDAYA,43,UNIT,2024
933,32,JAWA BARAT,3277,KOTA CIMAHI,STRUKTUR CAGAR BUDAYA,0,UNIT,2024
934,32,JAWA BARAT,3277,KOTA CIMAHI,SITUS CAGAR BUDAYA,9,UNIT,2024
935,32,JAWA BARAT,3277,KOTA CIMAHI,KAWASAN CAGAR BUDAYA,0,UNIT,2024
936,32,JAWA BARAT,3278,KOTA TASIKMALAYA,BENDA CAGAR BUDAYA,65,UNIT,2024
937,32,JAWA BARAT,3278,KOTA TASIKMALAYA,BANGUNAN CAGAR BUDAYA,30,UNIT,2024
938,32,JAWA BARAT,3278,KOTA TASIKMALAYA,STRUKTUR CAGAR BUDAYA,12,UNIT,2024
939,32,JAWA BARAT,3278,KOTA TASIKMALAYA,SITUS CAGAR BUDAYA,6,UNIT,2024
940,32,JAWA BARAT,3278,KOTA TASIKMALAYA,KAWASAN CAGAR BUDAYA,7,UNIT,2024
941,32,JAWA BARAT,3279,KOTA BANJAR,BENDA CAGAR BUDAYA,0,UNIT,2024
942,32,JAWA BARAT,3279,KOTA BANJAR,BANGUNAN CAGAR BUDAYA,1,UNIT,2024
943,32,JAWA BARAT,3279,KOTA BANJAR,STRUKTUR CAGAR BUDAYA,2,UNIT,2024
944,32,JAWA BARAT,3279,KOTA BANJAR,SITUS CAGAR BUDAYA,31,UNIT,2024
945,32,JAWA BARAT,3279,KOTA BANJAR,KAWASAN CAGAR BUDAYA,0,UNIT,2024
